{
  "eval_type_id": "scr",
  "eval_config": {
    "random_seed": 42,
    "dataset_names": [
      "LabHC/bias_in_bios_class_set1",
      "canrager/amazon_reviews_mcauley_1and5"
    ],
    "perform_scr": true,
    "early_stopping_patience": 20,
    "train_set_size": 4000,
    "test_set_size": 1000,
    "context_length": 128,
    "probe_train_batch_size": 16,
    "probe_test_batch_size": 500,
    "probe_epochs": 20,
    "probe_lr": 0.001,
    "probe_l1_penalty": 0.001,
    "sae_batch_size": 125,
    "llm_batch_size": 512,
    "llm_dtype": "float32",
    "lower_vram_usage": false,
    "model_name": "pythia-70m-deduped",
    "n_values": [
      2,
      5,
      10,
      20,
      50,
      100,
      500
    ],
    "column1_vals_lookup": {
      "LabHC/bias_in_bios_class_set1": [
        [
          "professor",
          "nurse"
        ],
        [
          "architect",
          "journalist"
        ],
        [
          "surgeon",
          "psychologist"
        ],
        [
          "attorney",
          "teacher"
        ]
      ],
      "canrager/amazon_reviews_mcauley_1and5": [
        [
          "Books",
          "CDs_and_Vinyl"
        ],
        [
          "Software",
          "Electronics"
        ],
        [
          "Pet_Supplies",
          "Office_Products"
        ],
        [
          "Industrial_and_Scientific",
          "Toys_and_Games"
        ]
      ]
    }
  },
  "eval_id": "1ba1078c-4580-4a17-9e93-1b19534c8bf9",
  "datetime_epoch_millis": 1744378778189,
  "eval_result_metrics": {
    "scr_metrics": {
      "scr_dir1_threshold_2": 0.4520219187163437,
      "scr_metric_threshold_2": 0.4734935957634205,
      "scr_dir2_threshold_2": 0.247896960263717,
      "scr_dir1_threshold_5": 0.5398550562058325,
      "scr_metric_threshold_5": 0.5367905668951125,
      "scr_dir2_threshold_5": 0.404534667835866,
      "scr_dir1_threshold_10": 0.5505152004147581,
      "scr_metric_threshold_10": 0.6048661355946796,
      "scr_dir2_threshold_10": 0.5392362443103743,
      "scr_dir1_threshold_20": 0.43679069980410923,
      "scr_metric_threshold_20": 0.6134682545846396,
      "scr_dir2_threshold_20": 0.4750953901202404,
      "scr_dir1_threshold_50": 0.28351774152830195,
      "scr_metric_threshold_50": 0.6326171727779123,
      "scr_dir2_threshold_50": -0.4130049398730782,
      "scr_dir1_threshold_100": -0.01826113658580989,
      "scr_metric_threshold_100": 0.509094927958471,
      "scr_dir2_threshold_100": -1.1700689087915996,
      "scr_dir1_threshold_500": -0.36107850123310353,
      "scr_metric_threshold_500": 0.16316148158938082,
      "scr_dir2_threshold_500": -1.2896148187380319
    }
  },
  "eval_result_details": [
    {
      "dataset_name": "LabHC/bias_in_bios_class_set1_scr_professor_nurse_results",
      "scr_dir1_threshold_2": 0.6444444395387131,
      "scr_metric_threshold_2": 0.6444444395387131,
      "scr_dir2_threshold_2": 0.25714293499381646,
      "scr_dir1_threshold_5": 0.5999999116968359,
      "scr_metric_threshold_5": 0.5999999116968359,
      "scr_dir2_threshold_5": 0.405714143636285,
      "scr_dir1_threshold_10": 0.6481480950027253,
      "scr_metric_threshold_10": 0.6481480950027253,
      "scr_dir2_threshold_10": 0.6914284780074202,
      "scr_dir1_threshold_20": 0.4222222418451476,
      "scr_metric_threshold_20": 0.4222222418451476,
      "scr_dir2_threshold_20": 0.7942856520049468,
      "scr_dir1_threshold_50": 0.2888888790774262,
      "scr_metric_threshold_50": 0.2888888790774262,
      "scr_dir2_threshold_50": -1.062857351108459,
      "scr_dir1_threshold_100": 0.3185185643053444,
      "scr_metric_threshold_100": 0.3185185643053444,
      "scr_dir2_threshold_100": -1.0342856111331933,
      "scr_dir1_threshold_500": 0.4000000883031642,
      "scr_metric_threshold_500": 0.4000000883031642,
      "scr_dir2_threshold_500": -1.1428573374845412
    },
    {
      "dataset_name": "LabHC/bias_in_bios_class_set1_scr_architect_journalist_results",
      "scr_dir1_threshold_2": 0.7113095370085389,
      "scr_metric_threshold_2": 0.7113095370085389,
      "scr_dir2_threshold_2": 0.4044943218233922,
      "scr_dir1_threshold_5": 0.7529761962837571,
      "scr_metric_threshold_5": 0.7529761962837571,
      "scr_dir2_threshold_5": 0.6853934540739753,
      "scr_dir1_threshold_10": 0.8065476406940038,
      "scr_metric_threshold_10": 0.8065476406940038,
      "scr_dir2_threshold_10": 0.8314609224785072,
      "scr_dir1_threshold_20": 0.7857143997537761,
      "scr_metric_threshold_20": 0.7857143997537761,
      "scr_dir2_threshold_20": 0.8426967270369877,
      "scr_dir1_threshold_50": 0.8869048073093738,
      "scr_metric_threshold_50": 0.8869048073093738,
      "scr_dir2_threshold_50": -4.426963921796068,
      "scr_dir1_threshold_100": 0.0,
      "scr_metric_threshold_100": 0.0,
      "scr_dir2_threshold_100": -4.460672005186271,
      "scr_dir1_threshold_500": -0.1369047629606831,
      "scr_metric_threshold_500": -0.1369047629606831,
      "scr_dir2_threshold_500": -4.4494355309130285
    },
    {
      "dataset_name": "LabHC/bias_in_bios_class_set1_scr_surgeon_psychologist_results",
      "scr_dir1_threshold_2": 0.8661709509998845,
      "scr_metric_threshold_2": 0.8661709509998845,
      "scr_dir2_threshold_2": 0.2560974811954654,
      "scr_dir1_threshold_5": 0.8996282132499134,
      "scr_metric_threshold_5": 0.8996282132499134,
      "scr_dir2_threshold_5": 0.365853596485362,
      "scr_dir1_threshold_10": 0.9070632835158144,
      "scr_metric_threshold_10": 0.9070632835158144,
      "scr_dir2_threshold_10": 0.518292807029276,
      "scr_dir1_threshold_20": 0.8141263454530185,
      "scr_metric_threshold_20": 0.8141263454530185,
      "scr_dir2_threshold_20": -0.7621949623909308,
      "scr_dir1_threshold_50": 0.6951672154060948,
      "scr_metric_threshold_50": 0.6951672154060948,
      "scr_dir2_threshold_50": -1.1097557518470167,
      "scr_dir1_threshold_100": 0.7100371343592866,
      "scr_metric_threshold_100": 0.7100371343592866,
      "scr_dir2_threshold_100": -1.0365852506156723,
      "scr_dir1_threshold_500": 0.34200747118757935,
      "scr_metric_threshold_500": 0.34200747118757935,
      "scr_dir2_threshold_500": -1.1463413659055688
    },
    {
      "dataset_name": "LabHC/bias_in_bios_class_set1_scr_attorney_teacher_results",
      "scr_dir1_threshold_2": 0.78846165497526,
      "scr_metric_threshold_2": 0.78846165497526,
      "scr_dir2_threshold_2": 0.2878787605120943,
      "scr_dir1_threshold_5": 0.7472527418544281,
      "scr_metric_threshold_5": 0.7472527418544281,
      "scr_dir2_threshold_5": 0.4848486764153397,
      "scr_dir1_threshold_10": 0.7802198396012908,
      "scr_metric_threshold_10": 0.7802198396012908,
      "scr_dir2_threshold_10": 0.5757575210241886,
      "scr_dir1_threshold_20": 0.626373710947293,
      "scr_metric_threshold_20": 0.626373710947293,
      "scr_dir2_threshold_20": 0.6666663656330376,
      "scr_dir1_threshold_50": 0.3186814536392973,
      "scr_metric_threshold_50": 0.3186814536392973,
      "scr_dir2_threshold_50": 0.42424247897581135,
      "scr_dir1_threshold_100": 0.5247253642474006,
      "scr_metric_threshold_100": 0.5247253642474006,
      "scr_dir2_threshold_100": -5.348486764153397,
      "scr_dir1_threshold_500": -0.08516471595195407,
      "scr_metric_threshold_500": -0.08516471595195407,
      "scr_dir2_threshold_500": -4.363638087738058
    },
    {
      "dataset_name": "canrager/amazon_reviews_mcauley_1and5_scr_Books_CDs_and_Vinyl_results",
      "scr_dir1_threshold_2": 0.3418800632114987,
      "scr_metric_threshold_2": 0.4170854467023656,
      "scr_dir2_threshold_2": 0.4170854467023656,
      "scr_dir1_threshold_5": 0.384615071112936,
      "scr_metric_threshold_5": 0.5226129238444337,
      "scr_dir2_threshold_5": 0.5226129238444337,
      "scr_dir1_threshold_10": -0.00854740913347061,
      "scr_metric_threshold_10": 0.7286431167418365,
      "scr_dir2_threshold_10": 0.7286431167418365,